{
    "utterances": [
        {
            "text": "Increase my movement speed",
            "entities": [
                {
                    "entity": "speed:speed",
                    "start": 12,
                    "end": 26,
                    "body": "movement speed",
                    "entities": []
                }
            ],
            "traits": [],
            "intent": "increase_speed"
        },
        {
            "text": "Increase my speed",
            "entities": [
                {
                    "entity": "speed:speed",
                    "start": 12,
                    "end": 17,
                    "body": "speed",
                    "entities": []
                }
            ],
            "traits": [],
            "intent": "increase_speed"
        },
        {
            "text": "Show me the coin",
            "entities": [
                {
                    "entity": "itemName:itemName",
                    "start": 12,
                    "end": 16,
                    "body": "coin",
                    "entities": []
                }
            ],
            "traits": [],
            "intent": "show_path"
        },
        {
            "text": "Show me the enemy",
            "entities": [
                {
                    "entity": "itemName:itemName",
                    "start": 12,
                    "end": 17,
                    "body": "enemy",
                    "entities": []
                }
            ],
            "traits": [],
            "intent": "show_path"
        },
        {
            "text": "Show me the gun",
            "entities": [
                {
                    "entity": "itemName:itemName",
                    "start": 12,
                    "end": 15,
                    "body": "gun",
                    "entities": []
                }
            ],
            "traits": [],
            "intent": "show_path"
        },
        {
            "text": "Show me the health portion",
            "entities": [
                {
                    "entity": "itemName:itemName",
                    "start": 12,
                    "end": 26,
                    "body": "health portion",
                    "entities": []
                }
            ],
            "traits": [],
            "intent": "show_path"
        },
        {
            "text": "Show me the player",
            "entities": [
                {
                    "entity": "itemName:itemName",
                    "start": 12,
                    "end": 18,
                    "body": "player",
                    "entities": []
                }
            ],
            "traits": [],
            "intent": "show_path"
        },
        {
            "text": "Show me the shield",
            "entities": [
                {
                    "entity": "itemName:itemName",
                    "start": 12,
                    "end": 18,
                    "body": "shield",
                    "entities": []
                }
            ],
            "traits": [],
            "intent": "show_path"
        },
        {
            "text": "Show me the weapon",
            "entities": [
                {
                    "entity": "itemName:itemName",
                    "start": 12,
                    "end": 18,
                    "body": "weapon",
                    "entities": []
                }
            ],
            "traits": [],
            "intent": "show_path"
        }
    ]
}
