{
    "name": "itemName",
    "roles": [
        "itemName"
    ],
    "lookups": [
        "free-text",
        "keywords"
    ],
    "keywords": [
        {
            "keyword": "coin",
            "synonyms": [
                "coin"
            ]
        },
        {
            "keyword": "enemy",
            "synonyms": [
                "defender",
                "enemy",
                "player"
            ]
        },
        {
            "keyword": "health portion",
            "synonyms": [
                "health portion"
            ]
        },
        {
            "keyword": "shield",
            "synonyms": [
                "shield"
            ]
        }
    ]
}
