{
    "name": "itemName",
    "roles": [
        "itemName"
    ],
    "lookups": [
        "free-text",
        "keywords"
    ],
    "keywords": [
        {
            "keyword": "AK",
            "synonyms": [
                "AK",
                "gun",
                "weapon"
            ]
        },
        {
            "keyword": "Coin",
            "synonyms": [
                "coin"
            ]
        },
        {
            "keyword": "Player",
            "synonyms": [
                "defender",
                "enemy",
                "player"
            ]
        },
        {
            "keyword": "Portion",
            "synonyms": [
                "health portion",
                "health potion",
                "portion",
                "potion"
            ]
        },
        {
            "keyword": "Shield",
            "synonyms": [
                "shield"
            ]
        }
    ]
}
