{
    "utterances": [
        {
            "text": "Show me the coin",
            "entities": [
                {
                    "entity": "itemName:itemName",
                    "start": 12,
                    "end": 16,
                    "body": "coin",
                    "entities": []
                }
            ],
            "traits": [],
            "intent": "show_path"
        },
        {
            "text": "Show me the enemy",
            "entities": [
                {
                    "entity": "itemName:itemName",
                    "start": 12,
                    "end": 17,
                    "body": "enemy",
                    "entities": []
                }
            ],
            "traits": [],
            "intent": "show_path"
        },
        {
            "text": "Show me the health portion",
            "entities": [
                {
                    "entity": "itemName:itemName",
                    "start": 12,
                    "end": 26,
                    "body": "health portion",
                    "entities": []
                }
            ],
            "traits": [],
            "intent": "show_path"
        },
        {
            "text": "Show me the shield",
            "entities": [
                {
                    "entity": "itemName:itemName",
                    "start": 12,
                    "end": 18,
                    "body": "shield",
                    "entities": []
                }
            ],
            "traits": [],
            "intent": "show_path"
        }
    ]
}
